"V2","V3","V4","V5","V6","V7","V8","V9","label"
0.395061728395062,0.26027397260274,0.405405405405405,0.17,0,0.602409638554217,0.6,0.275,1
0.259259259259259,0.246575342465753,0.459459459459459,0.15,0,0,0.75,0.375,1
0.259259259259259,0.287671232876712,0.418918918918919,0.35,0,0,0.666666666666667,0.3125,1
0.333333333333333,0.315068493150685,0.351351351351351,0.11,0,0,0.616666666666667,0.275,1
0.345679012345679,0.246575342465753,0.324324324324324,0.11,0,0,0.6,0.5,1
0.320987654320988,0.26027397260274,0.324324324324324,0.16,0,0,0.616666666666667,0.275,1
0.296296296296296,0.315068493150685,0.297297297297297,0.22,0,0,0.633333333333333,0.275,1
0.666666666666667,0.575342465753425,0.216216216216216,0.3,0,0,0.6,0.275,1
0.296296296296296,0.438356164383562,0.351351351351351,0.13,0,0,0.7,0.275,1
0.333333333333333,0.438356164383562,0.351351351351351,0.15,0,0,0.75,0.275,1
0.493827160493827,0.328767123287671,0.364864864864865,0.19,0,0,0.766666666666667,0.3375,1
0.469135802469136,0.356164383561644,0.459459459459459,0.18,0,0,0.633333333333333,0.275,1
0.753086419753087,0.917808219178082,0.135135135135135,0.39,0,0,0.716666666666667,0.4125,0
0.234567901234568,0.547945205479452,0.472972972972973,0.12,0,0,0.666666666666667,0.5875,1
0.728395061728395,0.726027397260274,0.216216216216216,0.26,0,0,0.5,0.275,0
0.679012345679012,0.63013698630137,0.283783783783784,0.34,0,0,0.483333333333333,0.275,0
0.259259259259259,0.328767123287671,0.418918918918919,0.18,0,0,0.716666666666667,0.325,1
0.222222222222222,0.205479452054795,0.405405405405405,0.18,0,0,0.583333333333333,0.325,0
0.37037037037037,0.246575342465753,0.351351351351351,0.29,0,0,0.583333333333333,0.275,0
0.679012345679012,0.493150684931507,0.337837837837838,0.28,0,0,0.75,0.275,0
0.358024691358025,0.246575342465753,0.337837837837838,0.21,0,0,0.65,0.35,1
0.45679012345679,0.36986301369863,0.432432432432432,0.27,0,0,0.633333333333333,0.275,1
0.555555555555556,0.520547945205479,0.405405405405405,0.23,0,0,0.55,0.275,1
0.555555555555556,0.479452054794521,0.405405405405405,0.22,0,0,0.533333333333333,0.275,1
0.580246913580247,0.561643835616438,0.310810810810811,0.1,0,0,0.6,0.275,1
0.419753086419753,0.315068493150685,0.337837837837838,0.33,0,0,0.7,0.275,1
0.234567901234568,0.383561643835616,0.364864864864865,0.19,0,0,0.616666666666667,0.275,1
0.432098765432099,0.36986301369863,0.243243243243243,0.08,0,0,0.65,0.3375,1
0.506172839506173,0.356164383561644,0.256756756756757,0.22,0,0,0.633333333333333,0.3625,1
0.185185185185185,0.342465753424658,0.418918918918919,0.09,0,0,0.7,0.275,1
0.358024691358025,0.452054794520548,0.391891891891892,0.12,0,0,0.633333333333333,0.275,1
0.345679012345679,0.246575342465753,0.445945945945946,0.15,0,0,0.733333333333333,0.275,1
0.765432098765432,0.876712328767123,0.283783783783784,0.37,0,0,0.716666666666667,0.275,0
0.358024691358025,0.287671232876712,0.351351351351351,0.24,0,0,0.716666666666667,0.275,1
0.481481481481481,0.410958904109589,0.310810810810811,0.27,0,0,0.733333333333333,0.3625,1
0.753086419753087,0.575342465753425,0.256756756756757,0.29,0,0,0.633333333333333,0.275,0
0.283950617283951,0.356164383561644,0.351351351351351,0.41,0,0,0.666666666666667,0.4,1
0.209876543209877,0.342465753424658,0.486486486486486,0.46,0,0,0.633333333333333,0.4125,1
0.259259259259259,0.328767123287671,0.405405405405405,0.2,0,0,0.533333333333333,0.275,1
0.37037037037037,0.547945205479452,0.310810810810811,0.25,0,0,0.616666666666667,0.35,1
0.617283950617284,0.671232876712329,0.351351351351351,0.36,0,0,0.55,0.275,0
0.555555555555556,0.493150684931507,0.418918918918919,0.27,0,0,0.4,0.275,1
0.345679012345679,0.424657534246575,0.324324324324324,0.4,0,0,0.466666666666667,0.275,1
0.345679012345679,0.246575342465753,0.391891891891892,0.24,0,0,0.566666666666667,0.275,1
0.283950617283951,0.191780821917808,0.378378378378378,0.18,0,0,0.716666666666667,0.275,1
0.135802469135802,0.479452054794521,0.391891891891892,0.18,0,0,0.616666666666667,0.275,1
0.567901234567901,0.602739726027397,0.351351351351351,0.16,0,0,0.783333333333333,0.275,1
0.0987654320987654,0.534246575342466,0.297297297297297,0.23,0,0,0.7,0.275,1
0.320987654320988,0.273972602739726,0.324324324324324,0.46,0,0.602409638554217,0.616666666666667,0.3375,0
0.271604938271605,0.26027397260274,0.445945945945946,0.47,0,0,0.583333333333333,0.5375,1
0.382716049382716,0.589041095890411,0.418918918918919,0.15,0,0,0.566666666666667,0.275,1
0.259259259259259,0.561643835616438,0.351351351351351,0.31,0,0,0.6,0.3875,1
0.506172839506173,0.397260273972603,0.418918918918919,0.25,0,0,0.466666666666667,0.325,1
0.185185185185185,0.452054794520548,0.324324324324324,0.21,0,0,0.683333333333333,0.3875,1
0.123456790123457,0.150684931506849,0.432432432432432,0.15,0,0,0.616666666666667,0.375,1
0.246913580246914,0.356164383561644,0.405405405405405,0.16,0,0,0.566666666666667,0.275,1
0.296296296296296,0.493150684931507,0.364864864864865,0.16,0,0,0.683333333333333,0.275,1
0.493827160493827,0.36986301369863,0.324324324324324,0.14,0,0,0.533333333333333,0.3125,1
0.246913580246914,0.465753424657534,0.297297297297297,0.31,0,0,0.683333333333333,0.3625,1
0.308641975308642,0.246575342465753,0.364864864864865,0.14,0,0,0.683333333333333,0.55,1
0.320987654320988,0.301369863013699,0.337837837837838,0.24,0,0,0.683333333333333,0.4125,1
0.283950617283951,0.301369863013699,0.405405405405405,0.1,0,0,0.6,0.275,1
0.259259259259259,0.287671232876712,0.608108108108108,0.21,0,0,0.683333333333333,0.4,1
0.259259259259259,0.287671232876712,0.608108108108108,0.21,0,0,0.683333333333333,0.4,1
0.432098765432099,0.383561643835616,0.310810810810811,0.2,0,0,0.65,0.275,1
0.358024691358025,0.547945205479452,0.243243243243243,0.2,0,0,0.566666666666667,0.275,1
0.580246913580247,0.328767123287671,0.324324324324324,0.23,0,0,0.6,0.275,1
0.0246913580246913,0.273972602739726,0.391891891891892,0.11,0,0,0.616666666666667,0.3375,1
0.308641975308642,0.232876712328767,0.297297297297297,0.32,0,1,0.666666666666667,0.275,0
0.246913580246914,0.26027397260274,0.364864864864865,0.67,0,0,0.566666666666667,0.275,1
0.0617283950617284,0.178082191780822,0.581081081081081,0.18,0,0,0.65,0.275,1
0.37037037037037,0.301369863013699,0.337837837837838,0.13,0,0,0.566666666666667,0.275,1
0.432098765432099,0.232876712328767,0.351351351351351,0.18,0,0,0.583333333333333,0.275,1
0.296296296296296,0.493150684931507,0.364864864864865,0.53,0,0,0.666666666666667,0.3125,1
0.358024691358025,0.589041095890411,0.472972972972973,0.23,0,0,0.783333333333333,0.275,1
0.148148148148148,0.465753424657534,0.351351351351351,0.17,0,0,0.65,0.275,1
0.160493827160494,0.493150684931507,0.324324324324324,0.15,0,0,0.666666666666667,0.275,1
0.160493827160494,0.287671232876712,0.351351351351351,0.24,0,0,0.783333333333333,0.275,1
0.493827160493827,0.397260273972603,0.351351351351351,0.28,0,0,0.7,0.3125,1
0.222222222222222,0.287671232876712,0.337837837837838,0.11,0,0,0.733333333333333,0.275,1
0.691358024691358,0.671232876712329,0.162162162162162,0.27,0,0,0.6,0.275,0
0.308641975308642,0.287671232876712,0.459459459459459,0.21,0,0,0.733333333333333,0.275,1
0.419753086419753,0.410958904109589,0.27027027027027,0.28,0,0,0.583333333333333,0.275,1
0.197530864197531,0.616438356164384,0.310810810810811,0.21,0,0,0.683333333333333,0.3125,1
0.407407407407407,0.26027397260274,0.459459459459459,0.12,0,0,0.7,0.275,1
0.716049382716049,0.794520547945206,0.432432432432432,0.23,0,0,0.583333333333333,0.275,0
0.666666666666667,0.849315068493151,0.22972972972973,0.3,0,0,0.7,0.275,0
0.62962962962963,0.602739726027397,0.378378378378378,0.28,0,0,0.783333333333333,0.5,0
0.469135802469136,0.273972602739726,0.445945945945946,0.24,0,0,0.45,0.275,1
0.45679012345679,0.273972602739726,0.432432432432432,0.21,0,0,0.483333333333333,0.275,1
0.222222222222222,0.438356164383562,0.459459459459459,0.19,0,0.602409638554217,0.483333333333333,0.275,0
0.777777777777778,0.780821917808219,0.310810810810811,0.23,0,0,0.55,0.275,0
0.777777777777778,0.73972602739726,0.378378378378378,0.23,0,0,0.55,0.275,0
0.271604938271605,0.410958904109589,0.432432432432432,0.15,0,0,0.533333333333333,0.3375,1
0.234567901234568,0.410958904109589,0.662162162162162,0.17,0,0,0.7,0.275,1
0.234567901234568,0.410958904109589,0.662162162162162,0.17,0,0,0.7,0.275,1
0.320987654320988,0.0821917808219178,0.418918918918919,0.36,0,0,0.65,0.225,1
0.0123456790123457,0.0684931506849315,0.351351351351351,0.14,0,0,0.666666666666667,0.55,1
0.395061728395062,0.438356164383562,0.391891891891892,0.14,0,0,0.633333333333333,0.275,1
0.308641975308642,0.438356164383562,0.351351351351351,0.23,0,1,0.633333333333333,0.275,0
0.209876543209877,0.643835616438356,0.162162162162162,0.08,0,0,0.666666666666667,0.3125,0
0.234567901234568,0.36986301369863,0.445945945945946,0.22,0,0,0.55,0.275,1
0.753086419753087,0.342465753424658,0.324324324324324,0.15,0,0,0.666666666666667,0.275,1
0.333333333333333,0.191780821917808,0.364864864864865,0.16,0,0,0.633333333333333,0.3625,1
0.45679012345679,0.424657534246575,0.391891891891892,0.19,0,0,0.683333333333333,0.275,1
0.246913580246914,0.328767123287671,0.364864864864865,0.18,0,0,0.683333333333333,0.275,1
0.407407407407407,0.452054794520548,0.324324324324324,0.21,0,0,0.583333333333333,0.375,1
0.728395061728395,0.671232876712329,0.0810810810810811,0.23,0,0,0.666666666666667,0.275,0
0.444444444444444,0.342465753424658,0.364864864864865,0.11,0,0,0.65,0.6,1
0.320987654320988,0.479452054794521,0.378378378378378,0.32,0,0,0.733333333333333,0.275,1
0.320987654320988,0.479452054794521,0.364864864864865,0.32,0,0,0.733333333333333,0.275,1
0.432098765432099,0.602739726027397,0.310810810810811,0.34,0,0,0.65,0.275,1
0.493827160493827,0.506849315068493,0.27027027027027,0.19,0,0,0.716666666666667,0.3375,1
0.444444444444444,0.479452054794521,0.256756756756757,0.14,0,0,0.683333333333333,0.275,1
0.160493827160494,0.356164383561644,0.391891891891892,0.12,0,0,0.65,0.275,1
0.530864197530864,0.506849315068493,0.27027027027027,0.13,0,0,0.666666666666667,0.275,1
0.716049382716049,0.904109589041096,0.283783783783784,0.37,0,0,0.583333333333333,0.275,0
0.197530864197531,0.342465753424658,0.310810810810811,0.15,1,0,0.7,0.4375,1
0.296296296296296,0.410958904109589,0.297297297297297,0.14,0,0,0.616666666666667,0.275,1
0.469135802469136,0.547945205479452,0.256756756756757,0.26,0,0,0.616666666666667,0.275,1
0.54320987654321,0.561643835616438,0.216216216216216,0.12,0,0,0.65,0.3125,1
0.0740740740740741,0.26027397260274,0.337837837837838,0.18,0,0,0.616666666666667,0.3375,1
0.45679012345679,0.561643835616438,0.364864864864865,0.24,0,0,0.733333333333333,0.275,1
0.481481481481481,0.534246575342466,0.337837837837838,0.24,0,0,0.666666666666667,0.275,1
0.641975308641975,0.520547945205479,0.364864864864865,0.15,0,0,0.6,0.4125,1
0.765432098765432,0.835616438356164,0.202702702702703,0.36,0,0,0.433333333333333,0.275,0
0.617283950617284,0.534246575342466,0.337837837837838,0.13,0,1,0.65,0.275,0
0.333333333333333,0.36986301369863,0.243243243243243,0.21,0,0,0.7,0.275,0
0.197530864197531,0.205479452054795,0.418918918918919,0.17,0,0,0.65,0.275,1
0.679012345679012,0.698630136986301,0.283783783783784,0.25,0,0,0.733333333333333,0.275,0
0.888888888888889,0.767123287671233,0.108108108108108,0.47,0,0,0.65,0.3875,0
0.320987654320988,0.26027397260274,0.405405405405405,0.14,0,0,0.683333333333333,0.275,1
0.345679012345679,0.356164383561644,0.432432432432432,0.16,0,0,0.6,0.35,1
0.271604938271605,0.246575342465753,0.337837837837838,0.52,0,0,0.6,0.275,1
0.617283950617284,0.534246575342466,0.324324324324324,0.31,0,0,0.7,0.275,1
0.802469135802469,0.616438356164384,0.135135135135135,0.78,0,0,0.6,0.625,0
0.395061728395062,0.506849315068493,0.378378378378378,0.29,0,0,0.666666666666667,0.275,1
0.444444444444444,0.616438356164384,0.418918918918919,0.32,0,0,0.733333333333333,0.425,1
0.358024691358025,0.191780821917808,0.216216216216216,0.21,0,0,0.733333333333333,0.275,1
0.530864197530864,0.506849315068493,0.351351351351351,0.15,0,0,0.65,0.3625,1
0.382716049382716,0.397260273972603,0.297297297297297,0.17,0,0,0.566666666666667,0.325,1
0.62962962962963,0.657534246575342,0.22972972972973,0.33,0,0,0.75,0.275,0
0.320987654320988,0.287671232876712,0.351351351351351,0.2,0,0,0.616666666666667,0.3125,1
0.395061728395062,0.191780821917808,0.27027027027027,0.15,0,0,0.633333333333333,0.525,1
0.283950617283951,0.246575342465753,0.283783783783784,0.13,0,0,0.616666666666667,0.3375,1
0.160493827160494,0.232876712328767,0.351351351351351,0.2,0,0,0.65,0.35,1
0.493827160493827,0.602739726027397,0.351351351351351,0.3,0,0,0.55,0.3875,1
0.271604938271605,0.424657534246575,0.202702702702703,0.11,0,0,0.683333333333333,0.4375,1
0.222222222222222,0.164383561643836,0.324324324324324,0.12,0,0,0.633333333333333,0.675,1
0.320987654320988,0.479452054794521,0.310810810810811,0.17,0,0,0.65,0.275,1
0.506172839506173,0.26027397260274,0.445945945945946,0.18,0,0,0.583333333333333,0.275,1
0.234567901234568,0.356164383561644,0.364864864864865,0.12,0,0,0.583333333333333,0.275,1
0.493827160493827,0.301369863013699,0.351351351351351,0.19,0,0,0.7,0.3375,1
0.555555555555556,0.438356164383562,0.256756756756757,0.13,0,0,0.666666666666667,0.275,1
0.407407407407407,0.410958904109589,0.337837837837838,0.12,0,0,0.633333333333333,0.5,1
0.37037037037037,0.301369863013699,0.297297297297297,0.15,0,0,0.7,0.3125,1
0.37037037037037,0.356164383561644,0.351351351351351,0.16,0,0,0.666666666666667,0.35,1
0.358024691358025,0.246575342465753,0.310810810810811,0.18,0,0,0.633333333333333,0.275,1
0.308641975308642,0.178082191780822,0.391891891891892,0.18,0,0,0.65,0.275,1
0.37037037037037,0.287671232876712,0.378378378378378,0.17,0,0,0.616666666666667,0.45,1
0.679012345679012,0.438356164383562,0.324324324324324,0.08,0,0,0.7,0.3875,1
0.135802469135802,0.397260273972603,0.283783783783784,0.11,0,0,0.55,0.275,1
0.308641975308642,0.410958904109589,0.297297297297297,0.38,0,0,0.65,0.275,1
0.148148148148148,0.328767123287671,0.324324324324324,0.17,0,0,0.6,0.275,1
0.444444444444444,0.273972602739726,0.405405405405405,0.21,0,0,0.65,0.275,1
0.259259259259259,0.36986301369863,0.324324324324324,0.17,0,0,0.683333333333333,0.625,1
0.481481481481481,0.328767123287671,0.297297297297297,0.24,0,0,0.65,0.4625,1
0.481481481481481,0.273972602739726,0.337837837837838,0.26,0,0,0.633333333333333,0.4625,1
0.234567901234568,0.383561643835616,0.472972972972973,0.13,0,0,0.683333333333333,0.275,1
0.0246913580246913,0.232876712328767,0.310810810810811,0.16,0,0,0.633333333333333,0.5625,1
0.358024691358025,0.178082191780822,0.283783783783784,0.14,0,0,0.566666666666667,0.325,1
0.197530864197531,0.26027397260274,0.364864864864865,0.18,0,0,0.483333333333333,0.475,1
0.419753086419753,0.301369863013699,0.283783783783784,0.15,0,0,0.75,0.275,1
0.333333333333333,0.328767123287671,0.405405405405405,0.16,0,0,0.716666666666667,0.275,1
0.45679012345679,0.315068493150685,0.405405405405405,0.19,0,0,0.683333333333333,0.275,1
0.814814814814815,0.876712328767123,0.054054054054054,0.31,0,0,0.7,0.525,0
0.518518518518518,0.452054794520548,0.310810810810811,0.16,0,0,0.683333333333333,0.525,1
0.580246913580247,0.561643835616438,0.351351351351351,0.17,0,0,0.6,0.275,1
0.308641975308642,0.273972602739726,0.432432432432432,0.2,0,0,0.733333333333333,0.3125,1
0.518518518518518,0.452054794520548,0.310810810810811,0.19,0,0,0.683333333333333,0.5875,1
0.271604938271605,0.123287671232877,0.310810810810811,0.28,0,0,0.683333333333333,0.275,1
0.271604938271605,0.301369863013699,0.324324324324324,0.28,0,0,0.616666666666667,0.275,1
0.407407407407407,0.397260273972603,0.364864864864865,0.1,0,0,0.583333333333333,0.275,0
0.395061728395062,0.301369863013699,0.5,0.18,0,0,0.65,0.275,1
0.382716049382716,0.342465753424658,0.351351351351351,0.16,0,0,0.65,0.325,1
0.395061728395062,0.178082191780822,0.22972972972973,0.18,0,0,0.583333333333333,0.3125,1
0.296296296296296,0.410958904109589,0.459459459459459,0.25,0,0,0.7,0.275,1
0.864197530864197,0.821917808219178,0.135135135135135,0.71,0,0,0.7,0.7875,0
0.62962962962963,0.712328767123288,0.148648648648649,0.37,0,0,0.583333333333333,0.3875,0
0.283950617283951,0.0547945205479452,0.459459459459459,0.14,0,0,0.533333333333333,0.275,1
0.592592592592593,0.575342465753425,0.108108108108108,0.41,0,0,0.783333333333333,0.4125,0
0.62962962962963,0.712328767123288,0.162162162162162,0.36,0,0,0.683333333333333,0.275,0
0.802469135802469,0.575342465753425,0.162162162162162,0.23,0,0,0.666666666666667,0.275,0
0.864197530864197,0.767123287671233,0.135135135135135,0.34,0,0,0.516666666666667,0.275,0
0.296296296296296,0.424657534246575,0.364864864864865,0.52,1,0,0.6,0.275,1
0.234567901234568,0.383561643835616,0.378378378378378,1,0,0,0.616666666666667,0.3375,1
0.802469135802469,0.904109589041096,0.256756756756757,0.54,0,0,0.25,0.275,0
0.0987654320987654,0.479452054794521,0.405405405405405,0.18,0,0,0.65,0.275,1
0.839506172839506,0.849315068493151,0.418918918918919,0.36,0,0,0.383333333333333,0.275,0
0.296296296296296,0.328767123287671,0.378378378378378,0.14,0,0,0.616666666666667,0.3875,1
0.407407407407407,0.36986301369863,0.432432432432432,0.55,0,0,0.583333333333333,0.275,1
0.283950617283951,0.150684931506849,0.297297297297297,0.16,0,0,0.7,0.275,0
0.395061728395062,0.301369863013699,0.283783783783784,0.19,0,0,0.65,0.4625,1
0.432098765432099,0.452054794520548,0.310810810810811,0.14,0,0,0.716666666666667,0.275,1
0.382716049382716,0.328767123287671,0.297297297297297,0.17,0,0,0.616666666666667,0.325,1
0.333333333333333,0.356164383561644,0.27027027027027,0.16,0,0,0.633333333333333,0.275,1
0.382716049382716,0.178082191780822,0.486486486486486,0.19,0,0,0.733333333333333,0.275,1
0.246913580246914,0.219178082191781,0.405405405405405,0.15,0,0,0.616666666666667,0.3375,1
0.358024691358025,0.410958904109589,0.418918918918919,0.24,0,0,0.616666666666667,0.275,1
0.530864197530864,0.534246575342466,0.283783783783784,0.16,0,0,0.666666666666667,0.275,1
0.604938271604938,0.506849315068493,0.337837837837838,0.19,0,1,0.683333333333333,0.275,0
0.37037037037037,0.315068493150685,0.256756756756757,0.22,0,0,0.633333333333333,0.275,1
0.604938271604938,0.643835616438356,0.310810810810811,0.15,0,0,0.666666666666667,0.275,0
0.469135802469136,0.315068493150685,0.216216216216216,0.2,0,0,0.683333333333333,0.275,1
0.259259259259259,0.356164383561644,0.297297297297297,0.18,0,0,0.55,0.275,1
0.185185185185185,0.452054794520548,0.378378378378378,0.13,0,0,0.65,0.275,1
0.123456790123457,0.342465753424658,0.378378378378378,0.27,0,0,0.6,0.275,1
0.333333333333333,0.287671232876712,0.459459459459459,0.21,0,0,0.45,0.275,0
0.753086419753087,0.821917808219178,0.391891891891892,0.35,0,0,0.483333333333333,0.275,0
0.740740740740741,0.726027397260274,0.310810810810811,0.33,0,0,0.583333333333333,0.275,0
0.333333333333333,0.465753424657534,0.472972972972973,0.13,0,0,0.566666666666667,0.275,1
0.283950617283951,0.397260273972603,0.364864864864865,0.22,0,1,0.616666666666667,0.275,0
0.703703703703704,0.753424657534247,0.121621621621622,0.27,0,0,0.516666666666667,0.275,0
0.469135802469136,0.26027397260274,0.297297297297297,0.24,0,0,0.7,0.275,1
0.481481481481481,0.232876712328767,0.189189189189189,0.21,0,0,0.616666666666667,0.275,1
0.419753086419753,0.273972602739726,0.324324324324324,0.24,1,0,0.566666666666667,0.275,1
0.296296296296296,0.26027397260274,0.324324324324324,0.18,0,0,0.616666666666667,0.35,1
0.271604938271605,0.520547945205479,0.27027027027027,0.19,0,0,0.383333333333333,0.275,0
0.395061728395062,0.602739726027397,0.364864864864865,0.19,0,0,0.6,0.275,0
0.765432098765432,0.794520547945206,0.0810810810810811,0.37,0,0,0.466666666666667,0.275,0
0.37037037037037,0.534246575342466,0.391891891891892,0.17,0,0,0.516666666666667,0.275,1
0.222222222222222,0.273972602739726,0.256756756756757,0.14,0,0,0.566666666666667,0.275,1
0.382716049382716,0.205479452054795,0.364864864864865,0.41,0,0,0.7,0.45,1
0.493827160493827,0.506849315068493,0.175675675675676,0.52,0,0,0.616666666666667,0.3875,1
0.345679012345679,0.397260273972603,0.391891891891892,0.19,0,0,0.816666666666667,0.275,1
0.197530864197531,0.397260273972603,0.243243243243243,0.27,0,0,0.633333333333333,0.275,1
0.37037037037037,0.315068493150685,0.337837837837838,0.18,0,0,0.65,0.3375,1
0.123456790123457,0.178082191780822,0.391891891891892,0.24,0,0,0.633333333333333,0.275,1
0.37037037037037,0.0821917808219178,0.418918918918919,0.18,0,1,0.683333333333333,0.275,0
0.111111111111111,0.36986301369863,0.405405405405405,0.16,0,0,0.583333333333333,0.325,1
0.617283950617284,0.246575342465753,0.351351351351351,0.12,0,0,0.416666666666667,0.4375,1
0.45679012345679,0.36986301369863,0.324324324324324,0.3,0,0,0.633333333333333,0.275,1
0.382716049382716,0.397260273972603,0.378378378378378,0.16,0,0,0.6,0.275,0
0.345679012345679,0.301369863013699,0.445945945945946,0.27,0,0,0.7,0.275,0
0.604938271604938,0.520547945205479,0.243243243243243,0.49,0,0,0.45,0.325,0
0.382716049382716,0.410958904109589,0.418918918918919,0.27,0,0,0.583333333333333,0.275,0
0.320987654320988,0.342465753424658,0.472972972972973,0.2,0,0,0.816666666666667,0.275,1
0.37037037037037,0.328767123287671,0.364864864864865,0.16,0,0,0.6,0.3875,1
0.395061728395062,0.342465753424658,0.418918918918919,0.25,0,0,0.666666666666667,0.275,1
0.37037037037037,0.328767123287671,0.27027027027027,0.18,0,0,0.6,0.3875,1
0.407407407407407,0.342465753424658,0.337837837837838,0.18,0,0,0.616666666666667,0.275,1
0.444444444444444,0.520547945205479,0.351351351351351,0.1,0,0,0.666666666666667,0.275,1
0.246913580246914,0.506849315068493,0.324324324324324,0.1,0,0,0.633333333333333,0.3125,1
0.679012345679012,0.931506849315069,0.0810810810810811,0.24,0,0,0.683333333333333,0.4,0
0.111111111111111,0.342465753424658,0,0.18,0,0,0.433333333333333,0.275,0
0.395061728395062,0.342465753424658,0.310810810810811,0.21,0,0,0.7,0.275,0
0.753086419753087,0.835616438356164,0.418918918918919,0.26,0,0,0.733333333333333,0.3375,0
0.333333333333333,0.383561643835616,0.256756756756757,0.28,0,0,0.7,0.275,0
0.259259259259259,0.205479452054795,0.391891891891892,0.15,0,0,0.666666666666667,0.275,0
0.469135802469136,0.383561643835616,0.324324324324324,0.2,0,0,0.633333333333333,0.35,1
0.530864197530864,0.301369863013699,0.310810810810811,0.29,0,0,0.616666666666667,0.3375,1
0.320987654320988,0.273972602739726,0.310810810810811,0.14,1,0,0.666666666666667,0.375,1
0.345679012345679,0.383561643835616,0.459459459459459,0.15,0,0,0.416666666666667,0.275,1
0.333333333333333,0.342465753424658,0.364864864864865,0.23,0,0,0.633333333333333,0.275,1
0.358024691358025,0.287671232876712,0.297297297297297,0.19,0,0,0.75,0.275,1
0.296296296296296,0.328767123287671,0.364864864864865,0.19,0,0,0.716666666666667,0.275,1
0.111111111111111,0.205479452054795,0.391891891891892,0.15,0,0,0.733333333333333,0.275,1
0.679012345679012,0.698630136986301,0.324324324324324,0.28,0,0,0.616666666666667,0.3375,0
0.679012345679012,0.698630136986301,0.324324324324324,0.28,0,0,0.6,0.3375,0
0.234567901234568,0.561643835616438,0.351351351351351,0.14,0,0,0.666666666666667,0.275,1
0.716049382716049,0.698630136986301,0.297297297297297,0.26,0,0,0.633333333333333,0.275,0
0.679012345679012,0.726027397260274,0.337837837837838,0.27,0,0,0.616666666666667,0.275,0
0.716049382716049,0.780821917808219,0.337837837837838,0.28,0,0,0.333333333333333,0.275,0
0.679012345679012,0.684931506849315,0.351351351351351,0.3,0,0,0.233333333333333,0.275,0
0.716049382716049,0.712328767123288,0.337837837837838,0.27,0,0,0.35,0.275,0
0.728395061728395,0.657534246575342,0.243243243243243,0.26,0,0,0.683333333333333,0.275,0
0.259259259259259,0.246575342465753,0.0945945945945946,0.17,0,0,0.633333333333333,0.3875,0
0.444444444444444,0.410958904109589,0.378378378378378,0.2,0,0,0.716666666666667,0.275,1
0.333333333333333,0.219178082191781,0.297297297297297,0.36,0,0,0.583333333333333,0.275,0
0.320987654320988,0.356164383561644,0.364864864864865,0.15,0,0,0.65,0.3375,1
0.395061728395062,0.36986301369863,0.27027027027027,0.29,0,0,0.683333333333333,0.275,1
0.691358024691358,0.657534246575342,0.297297297297297,0.13,0,0,0.733333333333333,0.5,0
0.617283950617284,0.671232876712329,0.324324324324324,0.3,0,0,0.683333333333333,0.275,0
0.54320987654321,0.465753424657534,0.364864864864865,0.51,0,0,0.7,0.275,0
0.444444444444444,0.575342465753425,0.378378378378378,0.16,0,0,0.533333333333333,0.3375,1
0.333333333333333,0.561643835616438,0.378378378378378,0.25,0,0,0.55,0.275,1
0.419753086419753,0.520547945205479,0.297297297297297,0.14,0,0,0.633333333333333,0.275,1
0.283950617283951,0.438356164383562,0.418918918918919,0.17,0,0,0.6,0.275,1
0.407407407407407,0.342465753424658,0.405405405405405,0.2,0,0,0.616666666666667,0.275,1
0.419753086419753,0.301369863013699,0.418918918918919,0.24,0,0,0.433333333333333,0.35,1
0.45679012345679,0.36986301369863,0.324324324324324,0.17,0,0,0.633333333333333,0.325,1
0.716049382716049,0.493150684931507,0.256756756756757,0.17,0,0,0.666666666666667,0.275,1
0.320987654320988,0.328767123287671,0.351351351351351,0.17,0,0,0.683333333333333,0.275,1
0.111111111111111,0.410958904109589,0.391891891891892,0.19,0,0,0.733333333333333,0.275,1
0.395061728395062,0.410958904109589,0.405405405405405,0.28,0,0,0.683333333333333,0.3375,1
0.358024691358025,0.479452054794521,0.310810810810811,0.32,0,0,0.616666666666667,0.275,1
0.493827160493827,0.342465753424658,0.297297297297297,0.46,0,0,0.6,0.275,1
0.419753086419753,0.328767123287671,0.364864864864865,0.18,0,0,0.483333333333333,0.275,1
0.320987654320988,0.0821917808219178,0.324324324324324,0.33,0,0,0.666666666666667,0.325,1
0.358024691358025,0.397260273972603,0.405405405405405,0.11,0,0,0.333333333333333,0.275,1
0.197530864197531,0.356164383561644,0.364864864864865,0.19,0,0,0.583333333333333,0.275,1
0.358024691358025,0.36986301369863,0.405405405405405,0.18,0,0,0.75,0.275,1
0.333333333333333,0.301369863013699,0.324324324324324,0.24,0,0,0.583333333333333,0.3875,1
0.296296296296296,0.342465753424658,0.324324324324324,0.21,0,0,0.6,0.425,1
0.518518518518518,0.465753424657534,0.337837837837838,0.26,0,0,0.65,0.275,1
0.493827160493827,0.356164383561644,0.337837837837838,0.53,0,0,0.666666666666667,0.325,1
0.259259259259259,0.534246575342466,0.324324324324324,0.16,0,0,0.633333333333333,0.275,1
0.518518518518518,0.342465753424658,0.378378378378378,0.11,0,0,0.566666666666667,0.275,1
0.580246913580247,0.465753424657534,0.378378378378378,0.18,0,0,0.5,0.275,1
0.506172839506173,0.36986301369863,0.27027027027027,0.32,0,0,0.45,0.4125,1
0.555555555555556,0.315068493150685,0.337837837837838,0.35,0,0,0.666666666666667,0.275,1
0.320987654320988,0.424657534246575,0.324324324324324,0.12,0,0,0.783333333333333,0.275,1
0.234567901234568,0.26027397260274,0.445945945945946,0.25,0,0,0.516666666666667,0.275,1
0.246913580246914,0.246575342465753,0.445945945945946,0.25,0,0,0.533333333333333,0.275,1
0.432098765432099,0.465753424657534,0.405405405405405,0.14,0,0,0.616666666666667,0.3125,1
0.320987654320988,0.397260273972603,0.418918918918919,0.29,0,0,0.516666666666667,0.1375,1
0.320987654320988,0.397260273972603,0.418918918918919,0.29,0,0,0.516666666666667,0.1375,1
0.518518518518518,0.232876712328767,0.418918918918919,0.36,0,0,0.516666666666667,0.2625,1
0.518518518518518,0.232876712328767,0.418918918918919,0.36,0,0,0.516666666666667,0.2625,1
0.296296296296296,0.164383561643836,0.378378378378378,0.37,0,0,0.416666666666667,0.2,1
0.296296296296296,0.164383561643836,0.378378378378378,0.37,0,0,0.416666666666667,0.2,1
0.395061728395062,0.246575342465753,0.432432432432432,0.19,0,0,0.566666666666667,0.275,1
0.197530864197531,0.164383561643836,0.297297297297297,0.42,0,0,0.566666666666667,0.5375,1
0.333333333333333,0.191780821917808,0.581081081081081,0.18,0,0,0.283333333333333,0.3125,1
0.333333333333333,0.191780821917808,0.581081081081081,0.18,0,0,0.283333333333333,0.3125,1
0.469135802469136,0.301369863013699,0.351351351351351,0.3,0,0,0.4,0.1375,1
0.469135802469136,0.301369863013699,0.351351351351351,0.3,0,0,0.4,0.1375,1
0.493827160493827,0.410958904109589,0.297297297297297,0.12,0,0,0.683333333333333,0.3875,1
0.493827160493827,0.410958904109589,0.297297297297297,0.12,0,0,0.683333333333333,0.3875,1
0.518518518518518,0.438356164383562,0.445945945945946,0.17,0,0,0.516666666666667,0.35,1
0.518518518518518,0.36986301369863,0.405405405405405,0.19,0,0,0.666666666666667,0.3875,1
0.518518518518518,0.36986301369863,0.405405405405405,0.19,0,0,0.666666666666667,0.3875,1
0.308641975308642,0.479452054794521,0.351351351351351,0.18,0,0,0.616666666666667,0.1375,1
0.209876543209877,0.479452054794521,0.351351351351351,0.18,0,0,0.533333333333333,0.2,1
0.222222222222222,0.315068493150685,0.513513513513513,0.48,0,0,0.383333333333333,0.3375,1
0.654320987654321,0.219178082191781,0.5,0.38,0,0,0.45,0.175,1
0.654320987654321,0.219178082191781,0.5,0.38,0,0,0.45,0.175,1
0.308641975308642,0.205479452054795,0.513513513513513,0.45,0,0,0.666666666666667,0.1375,1
0.481481481481481,0.328767123287671,0.391891891891892,0.27,0,0,0.583333333333333,0.1375,1
0.54320987654321,0.589041095890411,0.256756756756757,0.26,0,0,0.5,0.275,1
0.54320987654321,0.589041095890411,0.256756756756757,0.26,0,0,0.5,0.275,1
0.296296296296296,0.164383561643836,0.554054054054054,0.12,0,0,0.533333333333333,0.2875,1
0.296296296296296,0.164383561643836,0.554054054054054,0.12,0,0,0.5,0.2875,1
0.481481481481481,0.315068493150685,0.324324324324324,0.26,0,0,0.65,0.275,1
0.234567901234568,0.301369863013699,0.364864864864865,0.22,0,0,0.583333333333333,0.1375,1
0.259259259259259,0.328767123287671,0.472972972972973,0.29,0,0,0.516666666666667,0.275,1
0.259259259259259,0.328767123287671,0.472972972972973,0.29,0,0,0.516666666666667,0.275,1
0.185185185185185,0.178082191780822,0.527027027027027,0.4,0,0,0.316666666666667,0.2,1
0.185185185185185,0.178082191780822,0.527027027027027,0.4,0,0,0.316666666666667,0.2,1
0.296296296296296,0.0136986301369863,0.716216216216216,0.79,0,0,0.15,0,1
0.197530864197531,0,1,0.8,0,0,0,0.0125,1
0.197530864197531,0,1,0.8,0,0,0,0.0125,1
0.45679012345679,0.191780821917808,0.283783783783784,0.41,0,0,0.616666666666667,0.275,1
0.45679012345679,0.191780821917808,0.283783783783784,0.35,0,0,0.65,0.275,1
0.432098765432099,0.315068493150685,0.391891891891892,0.48,0,0,0.566666666666667,0.275,1
0.197530864197531,0.246575342465753,0.405405405405405,0.2,0,0,0.6,0.5125,1
0.358024691358025,0.342465753424658,0.432432432432432,0.16,0,0,0.533333333333333,0.275,1
0.358024691358025,0.465753424657534,0.297297297297297,0.1,0,0,0.7,0.275,1
0.580246913580247,0.534246575342466,0.351351351351351,0.19,0,0,0.933333333333333,0.275,1
0.617283950617284,0.452054794520548,0.391891891891892,0.23,0,0,1,0.275,1
0.666666666666667,0.534246575342466,0.283783783783784,0.2,0,0,0.983333333333333,0.275,1
0.728395061728395,0.835616438356164,0.405405405405405,0.21,0,0,0.933333333333333,0.275,1
0.333333333333333,0.164383561643836,0.256756756756757,0.22,0,0,0.466666666666667,0.4625,1
0.407407407407407,0.301369863013699,0.472972972972973,0.22,0,0,0.533333333333333,0.275,1
0.407407407407407,0.301369863013699,0.472972972972973,0.22,0,0,0.533333333333333,0.275,1
0.160493827160494,0.315068493150685,0.378378378378378,0.21,0,0,0.45,0.2375,1
0.160493827160494,0.315068493150685,0.378378378378378,0.21,0,0,0.45,0.2375,1
0.358024691358025,0.273972602739726,0.351351351351351,0.33,0,0,0.633333333333333,0.325,1
0.333333333333333,0.246575342465753,0.378378378378378,0.22,0,0,0.583333333333333,0.3125,1
0.333333333333333,0.246575342465753,0.378378378378378,0.22,0,0,0.583333333333333,0.3125,1
0.283950617283951,0.397260273972603,0.513513513513513,0.13,0,0,0.6,0.275,1
0.333333333333333,0.452054794520548,0.445945945945946,0.41,0,0,0.666666666666667,0.2625,1
0.333333333333333,0.452054794520548,0.445945945945946,0.41,0,0,0.666666666666667,0.2625,1
0.246913580246914,0.602739726027397,0.418918918918919,0.19,0,0,0.516666666666667,0.3125,1
0.246913580246914,0.602739726027397,0.418918918918919,0.19,0,0,0.5,0.3125,1
0.234567901234568,0.397260273972603,0.351351351351351,0.44,0,0,0.683333333333333,0.1375,1
0.234567901234568,0.397260273972603,0.351351351351351,0.44,0,0,0.683333333333333,0.1375,1
0.395061728395062,0.424657534246575,0.432432432432432,0.17,0,0,0.566666666666667,0.35,1
0.469135802469136,0.36986301369863,0.378378378378378,0.22,0,0,0.616666666666667,0.1375,1
0.382716049382716,0.397260273972603,0.486486486486486,0.23,0,0,0.366666666666667,0.1375,1
0.271604938271605,0.383561643835616,0.527027027027027,0.28,0,0,0.766666666666667,0.7125,1
0.419753086419753,0.493150684931507,0.459459459459459,0.36,0,0,0.616666666666667,0.275,1
0.419753086419753,0.493150684931507,0.459459459459459,0.36,0,0,0.616666666666667,0.275,1
0.222222222222222,0.123287671232877,0.486486486486486,0.43,0,0,0.516666666666667,0.4875,1
0.222222222222222,0.123287671232877,0.486486486486486,0.43,0,0,0.516666666666667,0.4875,1
0.37037037037037,0.26027397260274,0.432432432432432,0.23,0,0,0.566666666666667,0.3375,1
0.222222222222222,0.219178082191781,0.337837837837838,0.38,0,0,0.516666666666667,0.275,1
0.395061728395062,0.26027397260274,0.324324324324324,0.28,0,0,0.583333333333333,0.3375,1
0.185185185185185,0.0547945205479452,0.391891891891892,0.28,0,0,0.633333333333333,0.6125,1
0.716049382716049,0.89041095890411,0.243243243243243,0.27,0,0,0.583333333333333,0.275,0
0.493827160493827,0.452054794520548,0.364864864864865,0.14,0,0,0.583333333333333,0.275,1
0.382716049382716,0.36986301369863,0.297297297297297,0.23,0,0,0.666666666666667,0.85,1
0.45679012345679,0.287671232876712,0.351351351351351,0.14,0,0,0.633333333333333,0.275,1
0.333333333333333,0.287671232876712,0.337837837837838,0.16,0,0,0.716666666666667,0.275,1
0.506172839506173,0.410958904109589,0.310810810810811,0.18,0,0,0.666666666666667,0.475,1
0.814814814814815,0.616438356164384,0.310810810810811,0.18,0,0,0.633333333333333,0.275,0
0.37037037037037,0.232876712328767,0.405405405405405,0.09,0,0,0.55,0.275,1
0.234567901234568,0.26027397260274,0.364864864864865,0.12,0,0,0.7,0.275,1
0.444444444444444,0.465753424657534,0.351351351351351,0.13,0,0,0.666666666666667,0.3125,1
0.333333333333333,0.315068493150685,0.432432432432432,0.17,0,0,0.7,0.275,1
0.185185185185185,0.342465753424658,0.351351351351351,0.19,0,0,0.666666666666667,0.325,1
0.481481481481481,0.479452054794521,0.27027027027027,0.14,0,0,0.633333333333333,0.275,1
0.308641975308642,0.684931506849315,0.324324324324324,0.21,0,0,0.683333333333333,0.3375,1
0.271604938271605,0.383561643835616,0.283783783783784,0.09,0,0,0.6,0.275,1
0.308641975308642,0.410958904109589,0.364864864864865,0.3,0,0,0.666666666666667,0.275,1
0.432098765432099,0.410958904109589,0.405405405405405,0.15,0,0,0.683333333333333,0.3875,1
0.333333333333333,0.232876712328767,0.337837837837838,0.2,0,0,0.633333333333333,0.275,1
0.271604938271605,0.26027397260274,0.405405405405405,0.17,0,0,0.716666666666667,0.275,1
0.493827160493827,0.465753424657534,0.418918918918919,0.18,0,0,0.633333333333333,0.275,1
0.358024691358025,0.410958904109589,0.324324324324324,0.24,0,0,0.683333333333333,0.475,1
0.246913580246914,0.123287671232877,0.5,0.2,0,0,0.5,0.5875,1
0.716049382716049,0.835616438356164,0.189189189189189,0.36,0,0,0.416666666666667,0.275,0
0.135802469135802,0.164383561643836,0.391891891891892,0.12,0,0,0.666666666666667,0.475,1
0.62962962962963,0.780821917808219,0.364864864864865,0.24,0,0,0.583333333333333,0.275,0
0.814814814814815,0.657534246575342,0.108108108108108,0.31,0,0,0.733333333333333,0.375,0
0.419753086419753,0.383561643835616,0.283783783783784,0.21,0,0,0.666666666666667,0.275,1
0.283950617283951,0.301369863013699,0.554054054054054,0.7,0,0,0.483333333333333,0.3125,1
0.45679012345679,0.465753424657534,0.418918918918919,0.15,0,0,0.683333333333333,0.3125,1
0.222222222222222,0.465753424657534,0.351351351351351,0.13,0,0,0.483333333333333,1,1
0.555555555555556,0.136986301369863,0.364864864864865,0.15,0,0,0.666666666666667,0.3875,1
0.432098765432099,0.397260273972603,0.337837837837838,0.26,0,0,0.65,0.275,1
0.506172839506173,0.589041095890411,0.405405405405405,0.36,0,0,0.55,0.3375,1
0.246913580246914,0.328767123287671,0.337837837837838,0.29,0,0,0.683333333333333,0.275,1
0.296296296296296,0.356164383561644,0.283783783783784,0.18,0,0,0.566666666666667,0.275,1
0.444444444444444,0.493150684931507,0.337837837837838,0.07,0,0,0.7,0.275,1
0.407407407407407,0.356164383561644,0.432432432432432,0.18,0,0,0.35,0.1375,1
0.407407407407407,0.356164383561644,0.432432432432432,0.18,0,0,0.35,0.1375,1
0.382716049382716,0.328767123287671,0.337837837837838,0.19,0,0,0.666666666666667,0.3125,1
0.580246913580247,0.602739726027397,0.378378378378378,0.4,0,0,0.633333333333333,0.275,0
0.716049382716049,0.712328767123288,0.310810810810811,0.46,0,0,0.416666666666667,0.275,0
0.160493827160494,0.643835616438356,0.337837837837838,0.16,0,1,0.7,0.275,0
0.518518518518518,0.397260273972603,0.472972972972973,0.21,0,0,0.7,0.675,1
0.382716049382716,0.424657534246575,0.337837837837838,0.22,0,0,0.55,0.4625,1
0.530864197530864,0.164383561643836,0.310810810810811,0.24,0,0,0.633333333333333,0.525,1
0.45679012345679,0.424657534246575,0.27027027027027,0.17,0,0,0.6,0.9125,1
0.407407407407407,0.479452054794521,0.391891891891892,0.16,0,0,0.666666666666667,0.4875,1
0.419753086419753,0.36986301369863,0.337837837837838,0.18,0,0,0.65,0.3375,1
0.395061728395062,0.36986301369863,0.337837837837838,0.19,0,0,0.633333333333333,0.3375,1
0.395061728395062,0.36986301369863,0.337837837837838,0.26,0,0,0.633333333333333,0.3375,1
0.419753086419753,0.36986301369863,0.337837837837838,0.18,0,0,0.633333333333333,0.3375,1
0.506172839506173,0.342465753424658,0.337837837837838,0.1,0,0,0.583333333333333,0.3875,1
0.506172839506173,0.342465753424658,0.337837837837838,0.1,0,0,0.583333333333333,0.3875,1
0.320987654320988,0.328767123287671,0.337837837837838,0.3,0,0,0.583333333333333,0.55,1
0.62962962962963,0.506849315068493,0.364864864864865,0.39,0,0,0.766666666666667,0.275,0
0.790123456790123,0.821917808219178,0.256756756756757,0.38,0,0,0.45,0.325,0
0.209876543209877,0.219178082191781,0.5,0.25,0,0,0.283333333333333,0.275,1
0.135802469135802,0.328767123287671,0.391891891891892,0.19,0,0,0.666666666666667,0.5,1
0.851851851851852,0.698630136986301,0.0810810810810811,0.3,0,0,0.65,0.4125,0
0.308641975308642,0.26027397260274,0.364864864864865,0.19,0,0,0.583333333333333,0.3375,1
0.17283950617284,0.219178082191781,0.310810810810811,0.22,0,0,0.7,0.275,1
0.481481481481481,0.301369863013699,0.0810810810810811,0.11,0,0,0.6,0.275,0
0.679012345679012,0.835616438356164,0.27027027027027,0.24,0,0,0.616666666666667,0.3875,0
0.679012345679012,0.835616438356164,0.27027027027027,0.24,0,0,0.583333333333333,0.275,0
0.691358024691358,0.753424657534247,0.432432432432432,0.22,0,0,0.6,0.275,0
0.246913580246914,0.246575342465753,0.527027027027027,0.16,0,0,0.533333333333333,0.275,1
0.395061728395062,0.520547945205479,0.391891891891892,0.21,0,0,0.65,0.275,1
0.271604938271605,0.191780821917808,0.459459459459459,0.22,0,0,0.716666666666667,0.9875,1
0.271604938271605,0.383561643835616,0.391891891891892,0.13,0,0,0.7,0.275,1
0.0493827160493827,0.10958904109589,0.27027027027027,0,0,0,0.5,0.3875,1
0.0740740740740741,0.36986301369863,0.256756756756757,0.32,0,0,0.45,0.275,1
0.234567901234568,0.178082191780822,0.391891891891892,0.44,0,0,0.583333333333333,0.325,1
0.728395061728395,0.712328767123288,0.0135135135135135,0.28,0,0,0.716666666666667,0.275,0
0.54320987654321,0.589041095890411,0.310810810810811,0.2,0,0,0.65,0.3125,1
0.358024691358025,0.315068493150685,0.27027027027027,0.37,0,0,0.55,0.45,1
0.382716049382716,0.383561643835616,0.27027027027027,0.22,0,0,0.666666666666667,0.3125,1
0.530864197530864,0.287671232876712,0.283783783783784,0.16,0,0,0.65,0.275,1
0.382716049382716,0.328767123287671,0.351351351351351,0.18,0,0,0.65,0.275,1
0.493827160493827,0.410958904109589,0.283783783783784,0.21,0,0,0.566666666666667,0.275,1
0.246913580246914,0.356164383561644,0.310810810810811,0.2,0,0,0.666666666666667,0.325,1
0.37037037037037,0.36986301369863,0.351351351351351,0.24,0,0,0.616666666666667,0.275,1
0.493827160493827,0.36986301369863,0.310810810810811,0.42,0,0,0.65,0.275,1
0.469135802469136,0.191780821917808,0.324324324324324,0.43,0,0,0.666666666666667,0.275,1
0.518518518518518,0.424657534246575,0.324324324324324,0.44,0,0,0.666666666666667,0.275,1
0.54320987654321,0.301369863013699,0.297297297297297,0.11,0,0,0.633333333333333,0.275,1
0.54320987654321,0.301369863013699,0.297297297297297,0.11,0,0,0.633333333333333,0.275,1
0.407407407407407,0.328767123287671,0.364864864864865,0.34,0,0,0.65,0.55,1
0.432098765432099,0.36986301369863,0.391891891891892,0.33,0,0,0.7,0.5,1
0.283950617283951,0.397260273972603,0.445945945945946,0.17,0,0,0.633333333333333,0.275,1
0.432098765432099,0.465753424657534,0.391891891891892,0.4,0,0,0.666666666666667,0.275,1
0.148148148148148,0.136986301369863,0.418918918918919,0.15,0,0,0.616666666666667,0.275,1
0.234567901234568,0.287671232876712,0.324324324324324,0.19,0,0,0.516666666666667,0.275,1
0.17283950617284,0.205479452054795,0.486486486486486,0.26,0,0,0.7,0.275,1
0.234567901234568,0.287671232876712,0.324324324324324,0.19,0,0,0.516666666666667,0.275,1
0.345679012345679,0.479452054794521,0.432432432432432,0.19,0,0,0.516666666666667,0.8,1
0.160493827160494,0.150684931506849,0.351351351351351,0.18,0,0,0.583333333333333,0.425,1
0.111111111111111,0.0821917808219178,0.324324324324324,0.14,0,0,0.616666666666667,0.35,1
0.271604938271605,0.342465753424658,0.418918918918919,0.25,0,0,0.733333333333333,0.475,1
0.308641975308642,0.452054794520548,0.337837837837838,0.16,0,0,0.75,0.275,1
0.308641975308642,0.465753424657534,0.337837837837838,0.16,0,0,0.783333333333333,0.275,1
0.716049382716049,0.671232876712329,0.243243243243243,0.29,0,0,0.716666666666667,0.275,0
0.259259259259259,0.479452054794521,0.364864864864865,0.15,0,0,0.6,0.275,1
0.740740740740741,0.794520547945206,0.216216216216216,0.26,0,0,0.783333333333333,0.275,0
0.753086419753087,0.849315068493151,0.22972972972973,0.24,0,0,0.683333333333333,0.275,0
0.481481481481481,0.465753424657534,0.337837837837838,0.13,0,0,0.65,0.275,1
0.444444444444444,0.657534246575342,0.337837837837838,0.12,0,0,0.633333333333333,0.275,1
0.37037037037037,0.397260273972603,0.216216216216216,0.43,0,0,0.616666666666667,0.45,0
0.308641975308642,0.383561643835616,0.310810810810811,0.27,0,0,0.65,0.275,1
0.0740740740740741,0.0684931506849315,0.364864864864865,0.17,0,0,0.533333333333333,0.275,1
0.37037037037037,0.342465753424658,0.378378378378378,0.18,0,0,0.366666666666667,0.275,1
0.283950617283951,0.219178082191781,0.378378378378378,0.17,0,0,0.633333333333333,0.275,1
0.283950617283951,0.328767123287671,0.662162162162162,0.21,0,0,0.583333333333333,0.275,1
0.246913580246914,0.328767123287671,0.662162162162162,0.17,0,0,0.633333333333333,0.275,1
0.54320987654321,0.452054794520548,0.364864864864865,0.27,0,0,0.6,0.275,1
0.432098765432099,0.301369863013699,0.297297297297297,0.27,0,0,0.516666666666667,0.5125,1
0.259259259259259,0.315068493150685,0.324324324324324,0.13,0,0,0.65,0.4875,1
0.530864197530864,0.534246575342466,0.378378378378378,0.22,0,0,0.683333333333333,0.3375,1
0.17283950617284,0.342465753424658,0.364864864864865,0.12,0,0,0.616666666666667,0.3375,1
0.469135802469136,0.205479452054795,0.337837837837838,0.25,0,0,0.683333333333333,0.3125,1
0.320987654320988,0.753424657534247,0.337837837837838,0.25,0,0,0.766666666666667,0.275,1
0.358024691358025,0.315068493150685,0.337837837837838,0.24,0,0,0.6,0.275,1
0.493827160493827,0.589041095890411,0.243243243243243,0.26,0,0,0.616666666666667,0.275,1
0.740740740740741,0.479452054794521,0.364864864864865,0.19,0,0,0.566666666666667,0.4375,1
0.407407407407407,0.397260273972603,0.459459459459459,0.2,0,0,0.65,0.275,1
0.493827160493827,0.342465753424658,0.418918918918919,0.17,0,0,0.65,0.275,1
0.419753086419753,0.287671232876712,0.364864864864865,0.19,0,0,0.566666666666667,0.275,1
0.493827160493827,0.342465753424658,0.391891891891892,0.17,0,0,0.65,0.3125,1
0.580246913580247,0.452054794520548,0.364864864864865,0.17,0,0,0.683333333333333,0.275,1
0.407407407407407,0.410958904109589,0.297297297297297,0.12,0,0,0.683333333333333,0.3875,1
0.45679012345679,0.342465753424658,0.337837837837838,0.25,0,0,0.683333333333333,0.275,1
0.345679012345679,0.342465753424658,0.310810810810811,0.27,0,0,0.766666666666667,0.275,1
0.382716049382716,0.342465753424658,0.310810810810811,0.27,0,0,0.783333333333333,0.275,1
0.382716049382716,0.315068493150685,0.418918918918919,0.28,0,0,0.733333333333333,0.275,1
0.333333333333333,0.356164383561644,0.486486486486486,0.3,0,0,0.416666666666667,0.275,1
0.493827160493827,0.671232876712329,0.27027027027027,0.19,0,0,0.683333333333333,0.55,1
0,0.273972602739726,0.391891891891892,0.13,0,0,0.65,0.3125,1
0.0987654320987654,0.301369863013699,0.324324324324324,0.13,0,0,0.683333333333333,0.3875,1
0.283950617283951,0.342465753424658,0.243243243243243,0.17,0,0,0.633333333333333,0.525,1
0.358024691358025,0.246575342465753,0.405405405405405,0.23,0,0,0.783333333333333,0.275,1
0.345679012345679,0.520547945205479,0.405405405405405,0.09,0,0,0.616666666666667,0.275,1
0.259259259259259,0.0958904109589042,0.432432432432432,0.44,0,0,0.466666666666667,0.275,1
0.432098765432099,0.191780821917808,0.391891891891892,0.19,0,0,0.283333333333333,0.275,1
0.444444444444444,0.315068493150685,0.324324324324324,0.09,0,0,0.7,0.275,0
0.395061728395062,0.383561643835616,0.297297297297297,0.55,0,0,0.65,0.725,1
0.209876543209877,0.410958904109589,0.337837837837838,0.17,0,0,0.65,0.275,0
0.604938271604938,0.643835616438356,0.121621621621622,0.16,0,0,0.816666666666667,0.275,0
0.308641975308642,0.191780821917808,0.391891891891892,0.14,0,0,0.65,0.275,0
0.666666666666667,0.520547945205479,0.121621621621622,0.15,0,0,0.683333333333333,0.275,0
0.506172839506173,0.219178082191781,0.351351351351351,0.15,0,0,0.7,0.325,0
0.555555555555556,0.547945205479452,0.405405405405405,0.15,0,0,0.683333333333333,0.275,0
0.358024691358025,0.506849315068493,0.432432432432432,0.12,0,0,0.6,0.275,0
0.567901234567901,0.506849315068493,0.364864864864865,0.21,0,0,0.633333333333333,0.275,0
0.358024691358025,0.383561643835616,0.310810810810811,0.26,0,0,0.433333333333333,0.3375,0
0.469135802469136,0.452054794520548,0.0810810810810811,0.15,0,0,0.65,0.3125,0
0.259259259259259,0.205479452054795,0.0810810810810811,0.16,0,0,0.633333333333333,0.3375,0
0.382716049382716,0.465753424657534,0.351351351351351,0.16,0,0,0.633333333333333,0.3875,1
0.567901234567901,0.575342465753425,0.283783783783784,0.22,0,0,0.65,0.3375,1
0.271604938271605,0.36986301369863,0.337837837837838,0.2,0,0,0.633333333333333,0.275,1
0.0740740740740741,0.26027397260274,0.378378378378378,0.16,0,0,0.5,0.275,1
0.54320987654321,0.479452054794521,0.351351351351351,0.21,0,0,0.616666666666667,0.275,1
0.45679012345679,0.643835616438356,0.216216216216216,0.36,0,0,0.6,0.275,1
0.469135802469136,0.356164383561644,0.297297297297297,0.17,0,0,0.65,0.325,0
0.333333333333333,0.424657534246575,0.337837837837838,0.13,0,0,0.566666666666667,0.275,1
0.382716049382716,0.26027397260274,0.418918918918919,0.17,0,0,0.766666666666667,0.275,1
0.728395061728395,0.684931506849315,0.121621621621622,0.25,0,0,0.6,0.275,0
1,0.808219178082192,0.0405405405405405,0.36,0,0,0.65,0.275,0
0.617283950617284,0.616438356164384,0.135135135135135,0.09,0,0,0.716666666666667,0.275,0
0.716049382716049,0.780821917808219,0.0135135135135135,0.37,0,0,0.6,0.275,0
0.419753086419753,0.424657534246575,0.310810810810811,0.27,0,0,0.633333333333333,0.275,1
0.382716049382716,0.356164383561644,0.405405405405405,0.31,0,0,0.716666666666667,0.325,1
0.641975308641975,0.794520547945206,0.202702702702703,0.38,0,0,0.683333333333333,0.275,0
0.0617283950617284,0.0547945205479452,0.418918918918919,0.28,0,0,0.633333333333333,0.1375,1
0.753086419753087,0.835616438356164,0.189189189189189,0.31,0,0,0.733333333333333,0.3125,0
0.259259259259259,0.26027397260274,0.22972972972973,0.19,0,1,0.583333333333333,0.275,0
0.469135802469136,0.424657534246575,0.27027027027027,0.2,0,1,0.65,0.5125,0
0.716049382716049,0.671232876712329,0.148648648648649,0.12,0,0,0.6,0.325,0
0.493827160493827,0.36986301369863,0.310810810810811,0.49,0,0,0.383333333333333,0.4,1
0.679012345679012,0.712328767123288,0.0810810810810811,0.2,0,0,0.7,0.275,0
0.691358024691358,0.712328767123288,0.121621621621622,0.33,0,0,0.6,0.35,0
0.641975308641975,0.589041095890411,0.216216216216216,0.28,0,0,0.5,0.275,0
0.555555555555556,0.315068493150685,0.405405405405405,0.15,0,0,0.716666666666667,0.275,1
0.358024691358025,0.506849315068493,0.283783783783784,0.17,0,0,0.666666666666667,0.925,1
0.753086419753087,0.794520547945206,0.22972972972973,0.25,0,0,0.65,0.275,0
0.790123456790123,1,0.0810810810810811,0.21,0,0,0.633333333333333,0.275,0
0.901234567901234,0.616438356164384,0.351351351351351,0.23,0,0,0.666666666666667,0.275,0
0.654320987654321,0.712328767123288,0.202702702702703,0.28,0,0,0.516666666666667,0.275,0
0.753086419753087,0.712328767123288,0.283783783783784,0.19,0,0,0.6,0.275,0
0.777777777777778,0.575342465753425,0.283783783783784,0.18,0,0,0.616666666666667,0.275,0
0.716049382716049,0.643835616438356,0.121621621621622,0.19,0,0,0.666666666666667,0.5375,0
0.345679012345679,0.397260273972603,0.459459459459459,0.63,0,0,0.416666666666667,0.2,1
0.814814814814815,0.876712328767123,0.054054054054054,0.31,0,0,0.7,0.525,0
0.716049382716049,0.726027397260274,0.148648648648649,0.29,0,0,0.533333333333333,0.275,0
0.345679012345679,0.232876712328767,0.432432432432432,0.19,0,0,0.733333333333333,0.275,1
0.271604938271605,0.328767123287671,0.27027027027027,0.23,0,0,0.616666666666667,0.875,1
0.679012345679012,0.73972602739726,0.256756756756757,0.44,0,0,0.65,0.275,0
0.234567901234568,0.36986301369863,0.418918918918919,0.3,0,0,0.466666666666667,0.1375,1
0.506172839506173,0.547945205479452,0.378378378378378,0.11,0,0,0.55,0.275,1
0.358024691358025,0.547945205479452,0.418918918918919,0.17,0,0,0.533333333333333,0.275,1
0.641975308641975,0.397260273972603,0.324324324324324,0.18,0,0,0.55,0.275,1
0.518518518518518,0.36986301369863,0.378378378378378,0.25,0,0,0.616666666666667,0.275,1
0.234567901234568,0.150684931506849,0.513513513513513,0.41,0,0,0.516666666666667,0.1375,1
0.234567901234568,0.26027397260274,0.540540540540541,0.35,0,0,0.5,0.1375,1
0.567901234567901,0.452054794520548,0.378378378378378,0.13,0,0,0.666666666666667,0.275,1
